iteration,mse_loss
0,1640.6057077056348
1,1346.5978273517699
2,1109.9695982700641
3,919.3613538538344
4,765.700853953714
5,641.732793844453
6,541.6476679777179
7,460.78832594629523
8,395.4174637757532
9,342.53303845020235
10,299.7214662890022
11,265.04067925336307
12,236.92682557045924
13,214.11973048805504
14,195.60326855163134
15,180.5576079361379
16,168.32092135697556
17,158.35865613660116
18,150.23884820921978
19,143.61227439565042
20,138.19648210503803
21,133.76292963102262
22,130.12662423296518
23,127.13776767659095
24,124.67501646435925
25,122.64004180081866
26,120.95313649102991
27,119.549665675652
28,118.37719810360616
29,117.39318654179642
30,116.56309151436368
31,115.85886311675154
32,115.25771216910442
33,114.74111526122287
34,114.29400893736863
35,113.90413688486953
36,113.56152093464071
37,113.2580322818766
38,112.98704385378252
39,112.7431483989416
40,112.52192981892023
41,112.31977764298497
42,112.1337364707139
43,111.96138376289011
44,111.80073061928985
45,111.65014119998703
46,111.50826727068801
47,111.37399501958853
48,111.24640183332346
49,111.12472115701686
50,111.0083139178202
51,110.89664527848298
52,110.78926572023617
53,110.6857956429328
54,110.58591282336116
55,110.48934219669714
56,110.39584752668263
57,110.30522461174414
58,110.2172957405003
59,110.13190516385708
60,110.04891539452032
61,109.968204180175
62,109.88966202534179
63,109.81319016027847
64,109.7386988742677
65,109.66610614604691
66,109.5953365166608
67,109.52632016019957
68,109.4589921161597
69,109.3932916538948
70,109.3291617450962
71,109.26654862469495
72,109.20540142419905
73,109.14567186442798
74,109.08731399700656
75,109.0302839859341
76,108.97453992213698
77,108.92004166520955
78,108.86675070760508
79,108.81463005740117
80,108.76364413646529
81,108.71375869142149
82,108.66494071528601
83,108.61715837802221
84,108.5703809645777
85,108.52457881922135
86,108.47972329520682
87,108.43578670895947
88,108.39274229812459
89,108.35056418292751
90,108.3092273303916
91,108.26870752103618
92,108.2289813177406
93,108.19002603651124
94,108.1518197189321
95,108.11434110611484
96,108.07756961399181
97,108.0414853098215
98,108.00606888979387
99,107.97130165764027
100,107.9371655041665
101,107.90364288763755
102,107.87071681495392
103,107.83837082356516
104,107.80658896407436
105,107.77535578349197
106,107.74465630910255
107,107.71447603291135
108,107.68480089664104
109,107.65561727725255
110,107.62691197296495
111,107.59867218975255
112,107.57088552829852
113,107.54353997138627
114,107.51662387171072
115,107.4901259400932
116,107.46403523408452
117,107.43834114694162
118,107.41303339696431
119,107.3881020171786
120,107.36353734535511
121,107.33933001435022
122,107.31547094275906
123,107.29195132586942
124,107.2687626269068
125,107.2458965685605
126,107.22334512478112
127,107.20110051284126
128,107.17915518564978
129,107.15750182431188
130,107.13613333092691
131,107.11504282161586
132,107.09422361977128
133,107.07366924952248
134,107.05337342940881
135,107.03333006625448
136,107.01353324923849
137,106.9939772441531
138,106.97465648784501
139,106.9555655828336
140,106.9366992920998
141,106.91805253404105
142,106.89962037758659
143,106.8813980374676
144,106.8633808696381
145,106.84556436684093
146,106.82794415431476
147,106.81051598563751
148,106.79327573870141
149,106.77621941181629
150,106.75934311993626
151,106.74264309100626
152,106.72611566242446
153,106.70975727761727
154,106.69356448272252
155,106.67753392337828
156,106.6616623416133
157,106.6459465728363
158,106.63038354292043
159,106.61497026538075
160,106.59970383864056
161,106.58458144338472
162,106.56960033999712
163,106.55475786607887
164,106.5400514340456
165,106.52547852880059
166,106.51103670548196
167,106.49672358728081
168,106.48253686332907
169,106.46847428665365
170,106.45453367219575
171,106.440712894893
172,106.42700988782195
173,106.41342264039965
174,106.3999491966422
175,106.3865876534782
176,106.37333615911585
177,106.36019291146141
178,106.34715615658804
179,106.33422418725297
180,106.32139534146124
181,106.30866800107545
182,106.29604059046913
183,106.28351157522258
184,106.27107946086021
185,106.25874279162772
186,106.24650014930772
187,106.23435015207309
188,106.22229145337624
189,106.21032274087374
190,106.19844273538467
191,106.18665018988212
192,106.17494388851605
193,106.16332264566775
194,106.15178530503317
195,106.14033073873608
196,106.12895784646871
197,106.11766555465935
198,106.10645281566667
199,106.09531860699906
200,106.08426193055864
201,106.07328181190914
202,106.06237729956689
203,106.0515474643139
204,106.04079139853282
205,106.03010821556262
206,106.01949704907474
207,106.00895705246866
208,105.99848739828647
209,105.98808727764613
210,105.97775589969213
211,105.96749249106367
212,105.95729629537934
213,105.94716657273834
214,105.93710259923672
215,105.92710366649959
216,105.91716908122713
217,105.90729816475547
218,105.89749025263119
219,105.88774469419884
220,105.87806085220173
221,105.86843810239496
222,105.85887583317077
223,105.84937344519533
224,105.8399303510572
225,105.83054597492631
226,105.82121975222415
227,105.8119511293037
228,105.80273956313981
229,105.79358452102876
230,105.78448548029759
231,105.77544192802229
232,105.76645336075457
233,105.75751928425763
234,105.74863921324953
235,105.73981267115495
236,105.73103918986453
237,105.7223183095016
238,105.71364957819624
239,105.70503255186618
240,105.6964667940048
241,105.68795187547522
242,105.67948737431114
243,105.67107287552368
244,105.66270797091411
245,105.65439225889247
246,105.64612534430172
247,105.6379068382472
248,105.6297363579317
249,105.62161352649495
250,105.61353797285875
251,105.60550933157624
252,105.59752724268625
253,105.58959135157173
254,105.58170130882283
255,105.5738567701039
256,105.56605739602472
257,105.55830285201547
258,105.55059280820576
259,105.54292693930711
260,105.535304924499
261,105.52772644731861
262,105.52019119555361
263,105.51269886113829
264,105.505249140053
265,105.49784173222628
266,105.49047634144033
267,105.4831526752389
268,105.4758704448383
269,105.46862936504085
270,105.46142915415115
271,105.45426953389452
272,105.44715022933822
273,105.44007096881475
274,105.43303148384753
275,105.42603150907888
276,105.41907078219997
277,105.41214904388292
278,105.4052660377149
279,105.3984215101342
280,105.39161521036809
281,105.38484689037257
282,105.3781163047739
283,105.37142321081176
284,105.36476736828419
285,105.35814853949395
286,105.35156648919666
287,105.34502098455013
288,105.33851179506559
289,105.33203869255992
290,105.32560145110949
291,105.31919984700511
292,105.31283365870851
293,105.30650266681002
294,105.30020665398716
295,105.2939454049649
296,105.2877187064765
297,105.28152634722592
298,105.27536811785103
299,105.26924381088786
300,105.26315322073592
301,105.25709614362452
302,105.25107237757996
303,105.24508172239348
304,105.23912397959042
305,105.23319895240002
306,105.22730644572593
307,105.22144626611795
308,105.21561822174394
309,105.20982212236304
310,105.20405777929926
311,105.198325005416
312,105.19262361509092
313,105.18695342419204
314,105.18131425005384
315,105.1757059114545
316,105.17012822859331
317,105.1645810230692
318,105.15906411785912
319,105.1535773372977
320,105.14812050705694
321,105.14269345412667
322,105.1372960067954
323,105.13192799463161
324,105.12658924846579
325,105.12127960037238
326,105.11599888365295
327,105.11074693281896
328,105.1055235835756
329,105.10032867280567
330,105.09516203855391
331,105.09002352001183
332,105.08491295750282
333,105.07983019246763
334,105.07477506745006
335,105.0697474260834
336,105.06474711307662
337,105.05977397420138
338,105.05482785627896
339,105.0499086071678
340,105.04501607575124
341,105.04015011192523
342,105.03531056658689
343,105.03049729162282
344,105.02571013989797
345,105.02094896524447
346,105.01621362245125
347,105.011503967253
348,105.00681985632043
349,105.0021611472498
350,104.99752769855331
351,104.99291936964921
352,104.98833602085283
353,104.98377751336663
354,104.97924370927181
355,104.97473447151903
356,104.9702496639199
357,104.96578915113838
358,104.96135279868251
359,104.95694047289606
360,104.95255204095075
361,104.94818737083824
362,104.94384633136231
363,104.93952879213154
364,104.93523462355162
365,104.93096369681828
366,104.92671588390998
367,104.92249105758091
368,104.91828909135424
369,104.91410985951504
370,104.90995323710396
371,104.90581909991047
372,104.90170732446651
373,104.89761778804018
374,104.89355036862948
375,104.88950494495633
376,104.88548139646042
377,104.88147960329341
378,104.87749944631311
379,104.87354080707773
380,104.86960356784023
381,104.86568761154295
382,104.86179282181202
383,104.85791908295197
384,104.85406627994061
385,104.85023429842371
386,104.84642302470995
387,104.84263234576572
388,104.83886214921041
389,104.83511232331134
390,104.83138275697888
391,104.82767333976182
392,104.8239839618427
393,104.82031451403303
394,104.81666488776881
395,104.81303497510612
396,104.80942466871647
397,104.8058338618826
398,104.80226244849408
399,104.79871032304304
400,104.79517738061993
401,104.79166351690947
402,104.7881686281864
403,104.78469261131151
404,104.78123536372759
405,104.77779678345551
406,104.77437676909028
407,104.77097521979721
408,104.76759203530798
409,104.76422711591704
410,104.76088036247776
411,104.75755167639879
412,104.75424095964037
413,104.75094811471074
414,104.74767304466258
415,104.74441565308943
416,104.74117584412231
417,104.73795352242617
418,104.73474859319641
419,104.73156096215578
420,104.72839053555062
421,104.72523722014785
422,104.72210092323162
423,104.71898155260006
424,104.71587901656194
425,104.71279322393367
426,104.70972408403607
427,104.70667150669124
428,104.7036354022194
429,104.70061568143596
430,104.69761225564845
431,104.6946250366534
432,104.6916539367335
433,104.68869886865454
434,104.6857597456626
435,104.68283648148098
436,104.67992899030753
437,104.67703718681162
438,104.6741609861314
439,104.671300303871
440,104.66845505609778
441,104.6656251593394
442,104.6628105305814
443,104.66001108726415
444,104.65722674728048
445,104.65445742897272
446,104.65170305113028
447,104.64896353298698
448,104.64623879421829
449,104.64352875493904
450,104.64083333570058
451,104.63815245748839
452,104.63548604171952
453,104.63283401024013
454,104.63019628532292
455,104.62757278966478
456,104.62496344638423
457,104.62236817901902
458,104.61978691152386
459,104.61721956826786
460,104.61466607403214
461,104.61212635400763
462,104.60960033379263
463,104.60708793939052
464,104.60458909720738
465,104.60210373404982
466,104.59963177712265
467,104.59717315402652
468,104.59472779275585
469,104.59229562169654
470,104.58987656962366
471,104.58747056569948
472,104.585077539471
473,104.58269742086803
474,104.58033014020089
475,104.5779756281583
476,104.57563381580536
477,104.57330463458126
478,104.57098801629738
479,104.56868389313503
480,104.56639219764347
481,104.56411286273793
482,104.56184582169739
483,104.5595910081627
484,104.55734835613448
485,104.5551177999712
486,104.55289927438713
487,104.55069271445026
488,104.54849805558065
489,104.54631523354817
490,104.54414418447064
491,104.541984844812
492,104.5398371513803
493,104.53770104132573
494,104.53557645213907
495,104.53346332164928
496,104.53136158802211
497,104.52927118975789
498,104.52719206568999
499,104.52512415498272
500,104.5230673971297
501,104.52102173195192
502,104.51898709959602
503,104.51696344053241
504,104.51495069555361
505,104.5129488057724
506,104.51095771262011
507,104.50897735784474
508,104.50700768350944
509,104.50504863199062
510,104.50310014597628
511,104.50116216846426
512,104.49923464276067
513,104.49731751247809
514,104.49541072153386
515,104.49351421414855
516,104.49162793484423
517,104.48975182844272
518,104.48788584006417
519,104.48602991512526
520,104.48418399933762
521,104.48234803870625
522,104.48052197952786
523,104.47870576838943
524,104.47689935216643
525,104.47510267802133
526,104.47331569340206
527,104.47153834604043
528,104.46977058395066
529,104.46801235542762
530,104.46626360904564
531,104.46452429365661
532,104.46279435838883
533,104.46107375264523
534,104.45936242610203
535,104.45766032870716
536,104.45596741067895
537,104.4542836225044
538,104.45260891493794
539,104.4509432389999
540,104.44928654597503
541,104.44763878741112
542,104.44599991511754
543,104.44436988116384
544,104.44274863787831
545,104.44113613784663
546,104.43953233391042
547,104.4379371791658
548,104.43635062696221
549,104.43477263090081
550,104.43320314483323
551,104.43164212286017
552,104.4300895193301
553,104.4285452888379
554,104.42700938622345
555,104.42548176657046
556,104.42396238520497
557,104.42245119769414
558,104.42094815984498
559,104.4194532277029
560,104.41796635755055
561,104.41648750590657
562,104.41501662952412
563,104.41355368538984
564,104.41209863072241
565,104.41065142297137
566,104.40921201981588
567,104.40778037916351
568,104.40635645914884
569,104.40494021813242
570,104.40353161469946
571,104.4021306076586
572,104.4007371560408
573,104.39935121909798
574,104.39797275630201
575,104.39660172734327
576,104.39523809212982
577,104.39388181078577
578,104.39253284365068
579,104.39119115127778
580,104.38985669443332
581,104.38852943409512
582,104.38720933145153
583,104.38589634790029
584,104.3845904450474
585,104.38329158470596
586,104.3819997288951
587,104.38071483983883
588,104.37943687996494
589,104.37816581190394
590,104.37690159848785
591,104.37564420274927
592,104.37439358792022
593,104.37314971743093
594,104.37191255490909
595,104.37068206417844
596,104.3694582092579
597,104.36824095436054
598,104.3670302638924
599,104.36582610245156
600,104.36462843482698
601,104.36343722599771
602,104.36225244113157
603,104.36107404558422
604,104.35990200489836
605,104.35873628480242
606,104.35757685120971
607,104.35642367021747
608,104.35527670810565
609,104.35413593133629
610,104.35300130655213
611,104.35187280057592
612,104.35075038040937
613,104.34963401323216
614,104.348523666401
615,104.34741930744856
616,104.34632090408279
617,104.34522842418578
618,104.3441418358127
619,104.34306110719122
620,104.34198620672021
621,104.34091710296907
622,104.33985376467673
623,104.33879616075065
624,104.33774426026608
625,104.33669803246494
626,104.3356574467552
627,104.33462247270971
628,104.33359308006543
629,104.33256923872257
630,104.33155091874366
631,104.33053809035275
632,104.32953072393443
633,104.32852879003298
634,104.32753225935164
635,104.32654110275152
636,104.32555529125102
637,104.32457479602485
638,104.32359958840301
639,104.32262963987027
640,104.3216649220652
641,104.32070540677924
642,104.31975106595601
643,104.31880187169045
644,104.31785779622797
645,104.31691881196373
646,104.31598489144167
647,104.31505600735386
648,104.31413213253968
649,104.31321323998489
650,104.31229930282106
651,104.31139029432457
652,104.31048618791593
653,104.30958695715908
654,104.30869257576046
655,104.3078030175683
656,104.30691825657192
657,104.3060382669009
658,104.3051630228243
659,104.30429249875004
660,104.30342666922395
661,104.30256550892919
662,104.30170899268546
663,104.30085709544826
664,104.30000979230813
665,104.29916705848997
666,104.29832886935225
667,104.2974952003864
668,104.29666602721596
669,104.29584132559597
670,104.29502107141222
671,104.29420524068053
672,104.29339380954606
673,104.2925867542827
674,104.29178405129211
675,104.29098567710342
676,104.29019160837221
677,104.28940182188002
678,104.28861629453357
679,104.28783500336412
680,104.28705792552678
681,104.28628503829998
682,104.2855163190845
683,104.2847517454031
684,104.2839912948998
685,104.28323494533909
686,104.28248267460548
687,104.28173446070261
688,104.28099028175279
689,104.2802501159964
690,104.27951394179111
691,104.2787817376113
692,104.2780534820474
693,104.2773291538054
694,104.27660873170599
695,104.27589219468416
696,104.27517952178857
697,104.27447069218069
698,104.2737656851345
699,104.27306448003581
700,104.27236705638137
701,104.2716733937787
702,104.27098347194526
703,104.27029727070786
704,104.26961477000208
705,104.26893594987175
706,104.26826079046828
707,104.2675892720502
708,104.26692137498237
709,104.26625707973568
710,104.26559636688623
711,104.26493921711491
712,104.26428561120686
713,104.2636355300507
714,104.26298895463826
715,104.26234586606374
716,104.26170624552347
717,104.26107007431497
718,104.2604373338368
719,104.25980800558777
720,104.25918207116645
721,104.25855951227065
722,104.25794031069687
723,104.25732444833982
724,104.25671190719181
725,104.2561026693423
726,104.25549671697729
727,104.25489403237891
728,104.25429459792474
729,104.25369839608753
730,104.25310540943437
731,104.25251562062654
732,104.2519290124188
733,104.25134556765882
734,104.2507652692868
735,104.25018810033492
736,104.24961404392694
737,104.24904308327764
738,104.24847520169217
739,104.24791038256588
740,104.24734860938358
741,104.24678986571915
742,104.24623413523504
743,104.24568140168189
744,104.24513164889784
745,104.24458486080826
746,104.24404102142525
747,104.24350011484707
748,104.24296212525773
749,104.24242703692654
750,104.24189483420767
751,104.24136550153963
752,104.24083902344486
753,104.24031538452934
754,104.23979456948189
755,104.23927656307409
756,104.23876135015954
757,104.23824891567355
758,104.23773924463266
759,104.23723232213423
760,104.23672813335598
761,104.23622666355553
762,104.23572789807004
763,104.23523182231577
764,104.2347384217876
765,104.23424768205852
766,104.23375958877953
767,104.23327412767888
768,104.23279128456184
769,104.23231104531017
770,104.2318333958818
771,104.23135832231037
772,104.23088581070488
773,104.23041584724925
774,104.22994841820177
775,104.22948350989506
776,104.22902110873521
777,104.2285612012018
778,104.22810377384724
779,104.22764881329647
780,104.22719630624655
781,104.22674623946631
782,104.22629859979598
783,104.22585337414655
784,104.22541054949984
785,104.22497011290776
786,104.22453205149206
787,104.22409635244392
788,104.2236630030236
789,104.22323199056015
790,104.22280330245086
791,104.22237692616095
792,104.22195284922329
793,104.22153105923807
794,104.22111154387218
795,104.22069429085917
796,104.2202792879986
797,104.21986652315594
798,104.21945598426205
799,104.21904765931289
800,104.21864153636918
801,104.2182376035559
802,104.21783584906221
803,104.21743626114095
804,104.21703882810824
805,104.21664353834328
806,104.21625038028785
807,104.21585934244617
808,104.21547041338435
809,104.21508358173024
810,104.21469883617297
811,104.21431616546272
812,104.21393555841024
813,104.21355700388673
814,104.21318049082335
815,104.21280600821092
816,104.21243354509976
817,104.21206309059906
818,104.21169463387685
819,104.21132816415958
820,104.21096367073177
821,104.21060114293573
822,104.21024057017121
823,104.20988194189519
824,104.20952524762149
825,104.20917047692046
826,104.20881761941868
827,104.20846666479868
828,104.20811760279871
829,104.20777042321225
830,104.20742511588783
831,104.2070816707288
832,104.20674007769293
833,104.20640032679208
834,104.20606240809207
835,104.20572631171223
836,104.2053920278252
837,104.20505954665659
838,104.20472885848477
839,104.2043999536405
840,104.20407282250669
841,104.2037474555181
842,104.20342384316109
843,104.20310197597334
844,104.20278184454358
845,104.20246343951113
846,104.20214675156605
847,104.2018317714484
848,104.20151848994824
849,104.20120689790534
850,104.20089698620882
851,104.20058874579694
852,104.20028216765682
853,104.19997724282426
854,104.19967396238327
855,104.19937231746604
856,104.19907229925256
857,104.19877389897039
858,104.19847710789435
859,104.19818191734637
860,104.19788831869519
861,104.19759630335602
862,104.19730586279044
863,104.19701698850601
864,104.19672967205616
865,104.19644390503983
866,104.19615967910129
867,104.1958769859298
868,104.1955958172595
869,104.19531616486913
870,104.1950380205817
871,104.19476137626441
872,104.19448622382815
873,104.19421255522764
874,104.19394036246078
875,104.19366963756879
876,104.19340037263578
877,104.19313255978848
878,104.19286619119607
879,104.19260125907009
880,104.19233775566397
881,104.19207567327291
882,104.1918150042337
883,104.19155574092449
884,104.19129787576446
885,104.1910414012137
886,104.19078630977297
887,104.19053259398345
888,104.19028024642661
889,104.19002925972384
890,104.18977962653635
891,104.18953133956494
892,104.18928439154979
893,104.18903877527015
894,104.18879448354436
895,104.18855150922928
896,104.18830984522054
897,104.18806948445184
898,104.18783041989515
899,104.18759264456027
900,104.18735615149474
901,104.18712093378355
902,104.18688698454896
903,104.18665429695042
904,104.18642286418417
905,104.18619267948321
906,104.18596373611696
907,104.18573602739124
908,104.18550954664785
909,104.1852842872646
910,104.18506024265494
911,104.18483740626786
912,104.18461577158769
913,104.18439533213393
914,104.1841760814609
915,104.18395801315792
916,104.18374112084861
917,104.18352539819111
918,104.18331083887776
919,104.18309743663494
920,104.1828851852228
921,104.18267407843517
922,104.18246411009935
923,104.18225527407591
924,104.18204756425855
925,104.18184097457392
926,104.18163549898132
927,104.18143113147276
928,104.18122786607259
929,104.18102569683735
930,104.1808246178557
931,104.18062462324816
932,104.18042570716689
933,104.18022786379565
934,104.1800310873496
935,104.179835372075
936,104.1796407122492
937,104.17944710218042
938,104.17925453620755
939,104.1790630087
940,104.17887251405757
941,104.17868304671025
942,104.17849460111805
943,104.17830717177088
944,104.17812075318837
945,104.17793533991967
946,104.17775092654338
947,104.17756750766725
948,104.17738507792822
949,104.17720363199206
950,104.17702316455336
951,104.1768436703353
952,104.17666514408948
953,104.17648758059588
954,104.17631097466258
955,104.1761353211257
956,104.17596061484915
957,104.17578685072453
958,104.17561402367112
959,104.17544212863538
960,104.17527116059125
961,104.17510111453963
962,104.17493198550845
963,104.17476376855238
964,104.17459645875283
965,104.17443005121767
966,104.17426454108124
967,104.17409992350407
968,104.17393619367274
969,104.17377334679985
970,104.17361137812385
971,104.17345028290875
972,104.17329005644419
973,104.1731306940452
974,104.17297219105211
975,104.17281454283027
976,104.1726577447701
977,104.17250179228694
978,104.17234668082068
979,104.17219240583597
980,104.17203896282183
981,104.17188634729162
982,104.1717345547829
983,104.17158358085733
984,104.17143342110046
985,104.17128407112165
986,104.17113552655391
987,104.17098778305396
988,104.17084083630168
989,104.17069468200049
990,104.17054931587681
991,104.17040473368019
992,104.17026093118311
993,104.17011790418083
994,104.16997564849123
995,104.16983415995482
996,104.16969343443456
997,104.1695534678156
998,104.16941425600538
999,104.16927579493343
1000,104.16913808055112
1001,104.16900110883176
1002,104.1688648757703
1003,104.16872937738333
1004,104.16859460970898
1005,104.16846056880662
1006,104.16832725075692
1007,104.16819465166171
1008,104.16806276764386
1009,104.16793159484708
1010,104.16780112943592
1011,104.16767136759557
1012,104.16754230553195
1013,104.1674139394712
1014,104.16728626565998
1015,104.16715928036514
1016,104.16703297987367
1017,104.16690736049257
1018,104.16678241854876
1019,104.16665815038897
1020,104.16653455237963
1021,104.16641162090681
1022,104.16628935237597
1023,104.16616774321204
1024,104.1660467898592
1025,104.16592648878083
1026,104.16580683645928
1027,104.16568782939602
1028,104.1655694641113
1029,104.16545173714417
1030,104.16533464505228
1031,104.16521818441197
1032,104.16510235181785
1033,104.1649871438831
1034,104.164872557239
1035,104.16475858853512
1036,104.16464523443905
1037,104.16453249163634
1038,104.16442035683036
1039,104.16430882674241
1040,104.16419789811131
1041,104.1640875676936
1042,104.16397783226319
1043,104.16386868861149
1044,104.16376013354711
1045,104.16365216389602
1046,104.16354477650117
1047,104.16343796822255
1048,104.16333173593713
1049,104.16322607653879
1050,104.16312098693794
1051,104.16301646406187
1052,104.16291250485439
1053,104.1628091062757
1054,104.16270626530249
1055,104.16260397892765
1056,104.16250224416048
1057,104.16240105802613
1058,104.1623004175661
1059,104.1622003198376
1060,104.16210076191376
1061,104.16200174088367
1062,104.16190325385185
1063,104.16180529793863
1064,104.16170787027978
1065,104.1616109680266
1066,104.1615145883456
1067,104.16141872841875
1068,104.16132338544308
1069,104.16122855663082
1070,104.16113423920916
1071,104.16104043042031
1072,104.16094712752134
1073,104.16085432778408
1074,104.16076202849511
1075,104.16067022695562
1076,104.16057892048134
1077,104.1604881064025
1078,104.16039778206371
1079,104.16030794482397
1080,104.16021859205638
1081,104.16012972114834
1082,104.16004132950125
1083,104.15995341453066
1084,104.15986597366583
1085,104.15977900435011
1086,104.15969250404048
1087,104.1596064702077
1088,104.15952090033625
1089,104.15943579192397
1090,104.15935114248238
1091,104.15926694953636
1092,104.1591832106241
1093,104.15909992329708
1094,104.15901708512007
1095,104.15893469367086
1096,104.15885274654038
1097,104.15877124133245
1098,104.15869017566392
1099,104.15860954716446
1100,104.15852935347652
1101,104.15844959225522
1102,104.15837026116839
1103,104.15829135789645
1104,104.15821288013223
1105,104.15813482558109
1106,104.15805719196072
1107,104.15797997700112
1108,104.1579031784446
1109,104.15782679404558
1110,104.15775082157053
1111,104.15767525879812
1112,104.15760010351886
1113,104.15752535353525
1114,104.15745100666163
1115,104.15737706072413
1116,104.15730351356055
1117,104.15723036302045
1118,104.15715760696483
1119,104.15708524326645
1120,104.15701326980931
1121,104.15694168448897
1122,104.1568704852123
1123,104.15679966989742
1124,104.15672923647378
1125,104.15665918288181
1126,104.15658950707329
1127,104.15652020701081
1128,104.15645128066816
1129,104.15638272602986
1130,104.15631454109143
1131,104.15624672385916
1132,104.15617927235012
1133,104.156112184592
1134,104.15604545862317
1135,104.15597909249263
1136,104.15591308425982
1137,104.15584743199469
1138,104.15578213377755
1139,104.15571718769914
1140,104.15565259186043
1141,104.15558834437267
1142,104.1555244433573
1143,104.15546088694585
1144,104.15539767327991
1145,104.15533480051118
1146,104.15527226680126
1147,104.15521007032169
1148,104.15514820925387
1149,104.15508668178897
1150,104.15502548612797
1151,104.15496462048151
1152,104.1549040830699
1153,104.15484387212305
1154,104.1547839858804
1155,104.15472442259089
1156,104.15466518051292
1157,104.15460625791424
1158,104.154547653072
1159,104.15448936427259
1160,104.15443138981169
1161,104.1543737279941
1162,104.15431637713381
1163,104.15425933555395
1164,104.1542026015866
1165,104.15414617357287
1166,104.15409004986283
1167,104.15403422881542
1168,104.1539787087985
1169,104.15392348818862
1170,104.15386856537116
1171,104.1538139387402
1172,104.15375960669849
1173,104.15370556765734
1174,104.15365182003669
1175,104.15359836226497
1176,104.15354519277909
1177,104.15349231002439
1178,104.15343971245453
1179,104.15338739853169
1180,104.15333536672617
1181,104.15328361551649
1182,104.15323214338963
1183,104.1531809488404
1184,104.153130030372
1185,104.1530793864955
1186,104.15302901573016
1187,104.15297891660309
1188,104.15292908764943
1189,104.15287952741225
1190,104.1528302344423
1191,104.15278120729839
1192,104.15273244454694
1193,104.15268394476207
1194,104.15263570652576
1195,104.15258772842748
1196,104.15254000906438
1197,104.15249254704116
1198,104.15244534097006
1199,104.15239838947073
1200,104.1523516911704
1201,104.15230524470356
1202,104.15225904871217
1203,104.15221310184545
1204,104.1521674027599
1205,104.15212195011934
1206,104.15207674259476
1207,104.15203177886423
1208,104.15198705761308
1209,104.15194257753367
1210,104.15189833732542
1211,104.1518543356947
1212,104.15181057135499
1213,104.15176704302658
1214,104.15172374943673
1215,104.15168068931955
1216,104.15163786141599
1217,104.15159526447373
1218,104.15155289724733
1219,104.15151075849788
1220,104.15146884699335
1221,104.15142716150815
1222,104.15138570082351
1223,104.15134446372709
1224,104.15130344901311
1225,104.15126265548234
1226,104.151222081942
1227,104.1511817272057
1228,104.15114159009346
1229,104.15110166943177
1230,104.15106196405324
1231,104.15102247279701
1232,104.15098319450829
1233,104.1509441280386
1234,104.15090527224568
1235,104.15086662599339
1236,104.15082818815168
1237,104.15078995759671
1238,104.1507519332106
1239,104.15071411388149
1240,104.15067649850357
1241,104.15063908597706
1242,104.1506018752079
1243,104.15056486510812
1244,104.15052805459557
1245,104.1504914425939
1246,104.1504550280326
1247,104.15041880984685
1248,104.15038278697773
1249,104.15034695837191
1250,104.15031132298178
1251,104.15027587976533
1252,104.15024062768624
1253,104.15020556571373
1254,104.15017069282266
1255,104.15013600799328
1256,104.15010151021147
1257,104.15006719846848
1258,104.15003307176107
1259,104.14999912909138
1260,104.14996536946694
1261,104.14993179190061
1262,104.14989839541057
1263,104.1498651790204
1264,104.14983214175882
1265,104.14979928265979
1266,104.14976660076258
1267,104.14973409511148
1268,104.14970176475617
1269,104.14966960875124
1270,104.14963762615646
1271,104.1496058160367
1272,104.14957417746177
1273,104.14954270950668
1274,104.1495114112512
1275,104.14948028178026
1276,104.14944932018358
1277,104.14941852555589
1278,104.14938789699676
1279,104.14935743361063
1280,104.14932713450673
1281,104.14929699879913
1282,104.1492670256067
1283,104.14923721405299
1284,104.14920756326634
1285,104.1491780723798
1286,104.14914874053099
1287,104.1491195668623
1288,104.14909055052071
1289,104.14906169065779
1290,104.14903298642963
1291,104.14900443699699
1292,104.14897604152505
1293,104.1489477991836
1294,104.14891970914675
1295,104.14889177059327
1296,104.1488639827061
1297,104.14883634467283
1298,104.14880885568532
1299,104.14878151493977
1300,104.14875432163676
1301,104.14872727498118
1302,104.1487003741822
1303,104.14867361845316
1304,104.14864700701182
1305,104.14862053908007
1306,104.14859421388398
1307,104.14856803065379
1308,104.14854198862388
1309,104.14851608703286
1310,104.14849032512332
1311,104.14846470214205
1312,104.14843921733979
1313,104.14841386997135
1314,104.14838865929563
1315,104.14836358457545
1316,104.14833864507767
1317,104.14831384007302
1318,104.14828916883621
1319,104.1482646306459
1320,104.14824022478456
1321,104.14821595053861
1322,104.14819180719823
1323,104.14816779405749
1324,104.14814391041426
1325,104.14812015557021
1326,104.1480965288307
1327,104.14807302950499
1328,104.14804965690584
1329,104.14802641034993
1330,104.14800328915749
1331,104.1479802926525
1332,104.1479574201625
1333,104.14793467101877
1334,104.1479120445561
1335,104.14788954011286
1336,104.14786715703106
1337,104.14784489465627
1338,104.14782275233748
1339,104.14780072942727
1340,104.14777882528169
1341,104.14775703926031
1342,104.14773537072605
1343,104.14771381904538
1344,104.14769238358808
1345,104.14767106372747
1346,104.1476498588401
1347,104.14762876830592
1348,104.14760779150834
1349,104.14758692783391
1350,104.14756617667264
1351,104.14754553741773
1352,104.14752500946572
1353,104.14750459221639
1354,104.14748428507274
1355,104.14746408744098
1356,104.14744399873051
1357,104.14742401835399
1358,104.14740414572721
1359,104.14738438026905
1360,104.14736472140159
1361,104.14734516854999
1362,104.1473257211426
1363,104.14730637861074
1364,104.14728714038883
1365,104.14726800591433
1366,104.14724897462781
1367,104.14723004597276
1368,104.14721121939576
1369,104.14719249434624
1370,104.14717387027676
1371,104.14715534664273
1372,104.14713692290252
1373,104.1471185985174
1374,104.14710037295163
1375,104.1470822456723
1376,104.1470642161493
1377,104.1470462838555
1378,104.14702844826658
1379,104.14701070886099
1380,104.14699306512006
1381,104.14697551652792
1382,104.14695806257139
1383,104.14694070274015
1384,104.14692343652662
1385,104.14690626342593
1386,104.14688918293592
1387,104.14687219455719
1388,104.14685529779301
1389,104.14683849214929
1390,104.14682177713468
1391,104.14680515226038
1392,104.14678861704033
1393,104.14677217099104
1394,104.14675581363163
1395,104.14673954448381
1396,104.14672336307187
1397,104.1467072689227
1398,104.14669126156562
1399,104.14667534053268
1400,104.14665950535836
1401,104.14664375557956
1402,104.14662809073577
1403,104.14661251036902
1404,104.14659701402375
1405,104.14658160124678
1406,104.14656627158747
1407,104.14655102459761
1408,104.14653585983133
1409,104.14652077684526
1410,104.14650577519839
1411,104.14649085445207
1412,104.14647601416998
1413,104.1464612539182
1414,104.1464465732652
1415,104.14643197178165
1416,104.14641744904068
1417,104.14640300461761
1418,104.14638863809006
1419,104.14637434903801
1420,104.14636013704362
1421,104.14634600169136
1422,104.14633194256787
1423,104.14631795926216
1424,104.14630405136523
1425,104.1462902184705
1426,104.1462764601735
1427,104.14626277607191
1428,104.14624916576565
1429,104.14623562885672
1430,104.14622216494931
1431,104.14620877364979
1432,104.14619545456652
1433,104.14618220731009
1434,104.14616903149317
1435,104.14615592673049
1436,104.14614289263888
1437,104.14612992883721
1438,104.14611703494644
1439,104.14610421058953
1440,104.14609145539153
1441,104.14607876897946
1442,104.14606615098239
1443,104.14605360103131
1444,104.14604111875941
1445,104.14602870380156
1446,104.14601635579479
1447,104.1460040743781
1448,104.14599185919238
1449,104.14597970988035
1450,104.14596762608689
1451,104.14595560745863
1452,104.14594365364415
1453,104.14593176429395
1454,104.1459199390603
1455,104.14590817759758
1456,104.14589647956174
1457,104.14588484461082
1458,104.1458732724046
1459,104.14586176260471
1460,104.14585031487456
1461,104.14583892887953
1462,104.14582760428657
1463,104.14581634076465
1464,104.1458051379844
1465,104.14579399561818
1466,104.14578291334034
1467,104.14577189082671
1468,104.14576092775502
1469,104.14575002380475
1470,104.14573917865705
1471,104.14572839199481
1472,104.14571766350264
1473,104.1457069928668
1474,104.14569637977534
1475,104.14568582391793
1476,104.1456753249859
1477,104.14566488267226
1478,104.1456544966717
1479,104.14564416668051
1480,104.14563389239665
1481,104.14562367351975
1482,104.1456135097509
1483,104.14560340079305
1484,104.14559334635052
1485,104.14558334612937
1486,104.1455733998372
1487,104.14556350718314
1488,104.14555366787795
1489,104.145543881634
1490,104.145534148165
1491,104.14552446718645
1492,104.14551483841527
1493,104.1455052615699
1494,104.14549573637031
1495,104.14548626253801
1496,104.14547683979596
1497,104.14546746786866
1498,104.14545814648207
1499,104.14544887536367
1500,104.1454396542423
1501,104.14543048284838
1502,104.14542136091379
1503,104.14541228817171
1504,104.14540326435691
1505,104.14539428920557
1506,104.14538536245517
1507,104.14537648384477
1508,104.14536765311476
1509,104.14535887000686
1510,104.14535013426432
1511,104.14534144563167
1512,104.14533280385491
1513,104.14532420868129
1514,104.14531565985956
1515,104.14530715713968
1516,104.14529870027307
1517,104.1452902890125
1518,104.14528192311195
1519,104.14527360232684
1520,104.14526532641388
1521,104.14525709513106
1522,104.14524890823769
1523,104.14524076549445
1524,104.14523266666318
1525,104.14522461150712
1526,104.1452165997907
1527,104.14520863127969
1528,104.14520070574108
1529,104.14519282294312
1530,104.14518498265534
1531,104.1451771846485
1532,104.14516942869454
1533,104.14516171456674
1534,104.1451540420395
1535,104.14514641088846
1536,104.14513882089054
1537,104.14513127182381
1538,104.14512376346747
1539,104.14511629560202
1540,104.14510886800912
1541,104.14510148047155
1542,104.14509413277335
1543,104.14508682469963
1544,104.14507955603673
1545,104.14507232657212
1546,104.14506513609437
1547,104.1450579843933
1548,104.14505087125973
1549,104.1450437964857
1550,104.14503675986434
1551,104.14502976118995
1552,104.14502280025782
1553,104.14501587686442
1554,104.14500899080737
1555,104.14500214188531
1556,104.14499532989792
1557,104.14498855464608
1558,104.14498181593164
1559,104.14497511355758
1560,104.14496844732794
1561,104.14496181704781
1562,104.14495522252327
1563,104.14494866356154
1564,104.14494213997085
1565,104.1449356515604
1566,104.14492919814052
1567,104.14492277952247
1568,104.14491639551859
1569,104.14491004594225
1570,104.14490373060774
1571,104.14489744933044
1572,104.14489120192664
1573,104.14488498821369
1574,104.14487880800993
1575,104.14487266113461
1576,104.14486654740803
1577,104.14486046665141
1578,104.14485441868698
1579,104.14484840333782
1580,104.14484242042815
1581,104.14483646978294
1582,104.14483055122827
1583,104.14482466459103
1584,104.14481880969906
1585,104.14481298638128
1586,104.14480719446732
1587,104.14480143378788
1588,104.14479570417448
1589,104.14479000545961
1590,104.14478433747664
1591,104.14477870005985
1592,104.14477309304436
1593,104.14476751626631
1594,104.14476196956252
1595,104.14475645277093
1596,104.14475096573008
1597,104.14474550827966
1598,104.14474008026006
1599,104.14473468151257
1600,104.1447293118793
1601,104.14472397120326
1602,104.14471865932832
1603,104.14471337609912
1604,104.14470812136119
1605,104.14470289496089
1606,104.14469769674542
1607,104.14469252656275
1608,104.14468738426173
1609,104.14468226969197
1610,104.14467718270397
1611,104.14467212314895
1612,104.144667090879
1613,104.14466208574693
1614,104.14465710760642
1615,104.14465215631192
1616,104.14464723171864
1617,104.14464233368261
1618,104.14463746206062
1619,104.14463261671015
1620,104.14462779748962
1621,104.144623004258
1622,104.14461823687526
1623,104.14461349520195
1624,104.14460877909943
1625,104.14460408842977
1626,104.14459942305587
1627,104.14459478284127
1628,104.1445901676503
1629,104.1445855773481
1630,104.1445810118003
1631,104.14457647087353
1632,104.14457195443492
1633,104.14456746235247
1634,104.14456299449483
1635,104.14455855073136
1636,104.14455413093208
1637,104.14454973496782
1638,104.14454536271002
1639,104.14454101403082
1640,104.14453668880306
1641,104.1445323869003
1642,104.14452810819672
1643,104.14452385256726
1644,104.14451961988746
1645,104.14451541003358
1646,104.14451122288246
1647,104.14450705831173
1648,104.14450291619961
1649,104.14449879642497
1650,104.14449469886733
1651,104.14449062340697
1652,104.1444865699246
1653,104.14448253830176
1654,104.14447852842056
1655,104.14447454016377
1656,104.14447057341478
1657,104.14446662805754
1658,104.14446270397677
1659,104.14445880105764
1660,104.14445491918615
1661,104.14445105824865
1662,104.14444721813236
1663,104.14444339872497
1664,104.1444395999148
1665,104.14443582159076
1666,104.14443206364237
1667,104.14442832595977
1668,104.14442460843364
1669,104.14442091095529
1670,104.14441723341666
1671,104.14441357571015
1672,104.14440993772881
1673,104.14440631936631
1674,104.14440272051684
1675,104.14439914107517
1676,104.1443955809366
1677,104.14439203999709
1678,104.14438851815305
1679,104.14438501530157
1680,104.14438153134016
1681,104.14437806616698
1682,104.14437461968072
1683,104.14437119178055
1684,104.1443677823663
1685,104.14436439133829
1686,104.1443610185973
1687,104.14435766404479
1688,104.1443543275826
1689,104.1443510091132
1690,104.14434770853958
1691,104.14434442576523
1692,104.14434116069415
1693,104.14433791323084
1694,104.14433468328039
1695,104.14433147074836
1696,104.14432827554074
1697,104.1443250975642
1698,104.14432193672582
1699,104.14431879293308
1700,104.14431566609414
1701,104.14431255611753
1702,104.14430946291233
1703,104.1443063863881
1704,104.14430332645489
1705,104.1443002830232
1706,104.14429725600407
1707,104.14429424530897
1708,104.14429125084988
1709,104.14428827253926
1710,104.14428531029
1711,104.14428236401547
1712,104.14427943362952
1713,104.14427651904653
1714,104.1442736201812
1715,104.14427073694884
1716,104.14426786926511
1717,104.1442650170461
1718,104.14426218020853
1719,104.14425935866936
1720,104.14425655234614
1721,104.14425376115678
1722,104.14425098501971
1723,104.14424822385368
1724,104.14424547757805
1725,104.14424274611245
1726,104.14424002937703
1727,104.14423732729234
1728,104.14423463977944
1729,104.14423196675966
1730,104.1442293081549
1731,104.1442266638874
1732,104.14422403387985
1733,104.14422141805532
1734,104.14421881633736
1735,104.14421622864988
1736,104.14421365491722
1737,104.14421109506414
1738,104.14420854901579
1739,104.14420601669767
1740,104.14420349803578
1741,104.1442009929565
1742,104.14419850138654
1743,104.14419602325306
1744,104.14419355848361
1745,104.1441911070061
1746,104.14418866874887
1747,104.14418624364062
1748,104.14418383161039
1749,104.1441814325878
1750,104.14417904650253
1751,104.1441766732849
1752,104.14417431286549
1753,104.14417196517532
1754,104.14416963014568
1755,104.1441673077084
1756,104.14416499779543
1757,104.14416270033936
1758,104.14416041527295
1759,104.14415814252938
1760,104.14415588204221
1761,104.14415363374535
1762,104.14415139757307
1763,104.14414917345994
1764,104.14414696134095
1765,104.14414476115144
1766,104.14414257282706
1767,104.14414039630384
1768,104.14413823151813
1769,104.14413607840656
1770,104.14413393690629
1771,104.14413180695465
1772,104.14412968848939
1773,104.14412758144847
1774,104.14412548577042
1775,104.14412340139386
1776,104.1441213282579
1777,104.14411926630187
1778,104.14411721546553
1779,104.14411517568887
1780,104.14411314691229
1781,104.14411112907646
1782,104.14410912212237
1783,104.1441071259913
1784,104.14410514062493
1785,104.14410316596522
1786,104.14410120195441
1787,104.14409924853506
1788,104.14409730565006
1789,104.14409537324258
1790,104.14409345125621
1791,104.14409153963462
1792,104.14408963832203
1793,104.14408774726276
1794,104.14408586640157
1795,104.14408399568342
1796,104.14408213505365
1797,104.14408028445784
1798,104.14407844384188
1799,104.14407661315194
1800,104.14407479233455
1801,104.14407298133636
1802,104.1440711801045
1803,104.14406938858627
1804,104.14406760672934
1805,104.14406583448158
1806,104.14406407179108
1807,104.14406231860642
1808,104.14406057487628
1809,104.14405884054973
1810,104.14405711557596
1811,104.14405539990463
1812,104.14405369348552
1813,104.14405199626874
1814,104.14405030820467
1815,104.14404862924395
1816,104.14404695933752
1817,104.14404529843648
1818,104.14404364649232
1819,104.14404200345676
1820,104.14404036928168
1821,104.14403874391935
1822,104.14403712732226
1823,104.14403551944312
1824,104.1440339202349
1825,104.14403232965083
1826,104.14403074764446
1827,104.14402917416948
1828,104.14402760917989
1829,104.14402605262995
1830,104.14402450447413
1831,104.1440229646672
1832,104.14402143316408
1833,104.14401990992
1834,104.14401839489047
1835,104.14401688803113
1836,104.14401538929793
1837,104.14401389864713
1838,104.14401241603501
1839,104.14401094141833
1840,104.14400947475389
1841,104.14400801599889
1842,104.14400656511062
1843,104.14400512204664
1844,104.14400368676476
1845,104.1440022592231
1846,104.14400083937983
1847,104.14399942719344
1848,104.14399802262267
1849,104.14399662562644
1850,104.14399523616389
1851,104.14399385419442
1852,104.14399247967758
1853,104.14399111257319
1854,104.14398975284132
1855,104.14398840044218
1856,104.14398705533618
1857,104.14398571748407
1858,104.14398438684671
1859,104.14398306338519
1860,104.1439817470608
1861,104.14398043783504
1862,104.14397913566962
1863,104.14397784052653
1864,104.1439765523678
1865,104.14397527115591
1866,104.14397399685323
1867,104.14397272942261
1868,104.14397146882696
1869,104.1439702150294
1870,104.14396896799332
1871,104.14396772768222
1872,104.14396649405984
1873,104.14396526709011
1874,104.14396404673714
1875,104.14396283296529
1876,104.14396162573901
1877,104.14396042502305
1878,104.14395923078231
1879,104.14395804298181
1880,104.14395686158684
1881,104.14395568656289
1882,104.14395451787558
1883,104.14395335549074
1884,104.14395219937435
1885,104.14395104949269
1886,104.14394990581204
1887,104.14394876829907
1888,104.1439476369204
1889,104.14394651164301
1890,104.14394539243398
1891,104.14394427926061
1892,104.14394317209035
1893,104.1439420708908
1894,104.14394097562976
1895,104.14393988627525
1896,104.14393880279535
1897,104.14393772515844
1898,104.14393665333294
1899,104.14393558728764
1900,104.14393452699122
1901,104.14393347241275
1902,104.1439324235214
1903,104.14393138028646
1904,104.1439303426775
1905,104.14392931066408
1906,104.14392828421612
1907,104.14392726330355
1908,104.14392624789652
1909,104.14392523796539
1910,104.14392423348059
1911,104.14392323441272
1912,104.14392224073259
1913,104.14392125241119
1914,104.14392026941957
1915,104.143919291729
1916,104.14391831931093
1917,104.14391735213688
1918,104.14391639017856
1919,104.14391543340788
1920,104.14391448179686
1921,104.14391353531767
1922,104.14391259394262
1923,104.14391165764417
1924,104.143910726395
1925,104.14390980016783
1926,104.14390887893562
1927,104.14390796267139
1928,104.14390705134839
1929,104.14390614493992
1930,104.14390524341954
1931,104.14390434676086
1932,104.14390345493764
1933,104.14390256792383
1934,104.14390168569348
1935,104.1439008082208
1936,104.14389993548012
1937,104.14389906744601
1938,104.14389820409292
1939,104.14389734539579
1940,104.14389649132936
1941,104.14389564186871
1942,104.14389479698904
1943,104.14389395666566
1944,104.14389312087388
1945,104.14389228958937
1946,104.1438914627878
1947,104.14389064044498
1948,104.14388982253686
1949,104.14388900903955
1950,104.14388819992924
1951,104.14388739518229
1952,104.14388659477515
1953,104.14388579868445
1954,104.14388500688686
1955,104.14388421935928
1956,104.14388343607868
1957,104.14388265702209
1958,104.14388188216678
1959,104.14388111149012
1960,104.14388034496952
1961,104.14387958258261
1962,104.14387882430708
1963,104.14387807012076
1964,104.14387732000161
1965,104.1438765739277
1966,104.14387583187717
1967,104.14387509382837
1968,104.14387435975966
1969,104.14387362964969
1970,104.14387290347698
1971,104.14387218122039
1972,104.14387146285874
1973,104.14387074837109
1974,104.14387003773649
1975,104.14386933093422
1976,104.14386862794352
1977,104.1438679287439
1978,104.14386723331495
1979,104.14386654163627
1980,104.14386585368766
1981,104.14386516944899
1982,104.14386448890029
1983,104.14386381202162
1984,104.1438631387932
1985,104.14386246919535
1986,104.14386180320854
1987,104.1438611408132
1988,104.14386048199
1989,104.14385982671972
1990,104.14385917498316
1991,104.14385852676128
1992,104.14385788203508
1993,104.14385724078576
1994,104.14385660299456
1995,104.14385596864284
1996,104.14385533771201
1997,104.14385471018367
1998,104.14385408603944
1999,104.14385346526107
2000,104.14385284783043
2001,104.14385223372946
2002,104.1438516229402
2003,104.1438510154448
2004,104.14385041122547
2005,104.14384981026456
2006,104.14384921254451
2007,104.14384861804781
2008,104.14384802675708
2009,104.14384743865513
2010,104.14384685372461
2011,104.14384627194853
2012,104.14384569330981
2013,104.14384511779159
2014,104.143844545377
2015,104.14384397604928
2016,104.14384340979184
2017,104.14384284658811
2018,104.1438422864216
2019,104.14384172927595
2020,104.14384117513487
2021,104.14384062398211
2022,104.14384007580165
2023,104.1438395305774
2024,104.14383898829338
2025,104.1438384489338
2026,104.14383791248287
2027,104.14383737892489
2028,104.14383684824426
2029,104.14383632042549
2030,104.14383579545313
2031,104.14383527331184
2032,104.14383475398631
2033,104.14383423746136
2034,104.14383372372201
2035,104.14383321275307
2036,104.14383270453969
2037,104.14383219906698
2038,104.14383169632016
2039,104.14383119628458
2040,104.14383069894558
2041,104.14383020428862
2042,104.14382971229918
2043,104.14382922296296
2044,104.14382873626562
2045,104.14382825219298
2046,104.14382777073078
2047,104.14382729186498
2048,104.14382681558165
2049,104.14382634186681
2050,104.14382587070658
2051,104.1438254020872
2052,104.14382493599499
2053,104.14382447241634
2054,104.14382401133761
2055,104.14382355274542
2056,104.14382309662632
2057,104.14382264296695
2058,104.14382219175407
2059,104.14382174297448
2060,104.14382129661506
2061,104.14382085266274
2062,104.14382041110457
2063,104.1438199719276
2064,104.14381953511905
2065,104.14381910066611
2066,104.14381866855605
2067,104.14381823877629
2068,104.14381781131421
2069,104.14381738615735
2070,104.14381696329329
2071,104.14381654270962
2072,104.14381612439406
2073,104.14381570833437
2074,104.14381529451843
2075,104.14381488293407
2076,104.14381447356932
2077,104.14381406641219
2078,104.14381366145072
2079,104.14381325867318
2080,104.14381285806769
2081,104.1438124596226
2082,104.14381206332622
2083,104.14381166916696
2084,104.14381127713334
2085,104.14381088721385
2086,104.14381049939712
2087,104.1438101136718
2088,104.1438097300266
2089,104.14380934845035
2090,104.14380896893181
2091,104.14380859145994
2092,104.1438082160237
2093,104.14380784261212
2094,104.14380747121426
2095,104.14380710181923
2096,104.14380673441629
2097,104.14380636899469
2098,104.14380600554367
2099,104.14380564405272
2100,104.1438052845112
2101,104.14380492690859
2102,104.14380457123444
2103,104.14380421747839
2104,104.14380386563003
2105,104.1438035156792
2106,104.14380316761546
2107,104.1438028214288
2108,104.14380247710906
2109,104.14380213464614
2110,104.14380179403007
2111,104.14380145525087
2112,104.14380111829861
2113,104.14380078316346
2114,104.14380044983561
2115,104.14380011830534
2116,104.14379978856292
2117,104.14379946059874
2118,104.14379913440317
2119,104.14379880996677
2120,104.14379848727992
2121,104.14379816633326
2122,104.1437978471174
2123,104.143797529623
2124,104.14379721384078
2125,104.1437968997615
2126,104.14379658737599
2127,104.1437962766751
2128,104.14379596764975
2129,104.14379566029089
2130,104.14379535458953
2131,104.14379505053678
2132,104.14379474812374
2133,104.14379444734153
2134,104.14379414818134
2135,104.14379385063447
2136,104.14379355469224
2137,104.14379326034593
2138,104.14379296758698
2139,104.14379267640678
2140,104.14379238679687
2141,104.14379209874878
2142,104.14379181225401
2143,104.14379152730427
2144,104.14379124389124
2145,104.14379096200658
2146,104.14379068164203
2147,104.14379040278943
2148,104.14379012544067
2149,104.14378984958753
2150,104.14378957522202
2151,104.14378930233612
2152,104.14378903092181
2153,104.14378876097119
2154,104.14378849247636
2155,104.14378822542943
2156,104.14378795982267
2157,104.14378769564824
2158,104.14378743289845
2159,104.1437871715656
2160,104.14378691164204
2161,104.14378665312023
2162,104.14378639599256
2163,104.14378614025155
2164,104.14378588588967
2165,104.1437856328995
2166,104.14378538127364
2167,104.14378513100473
2168,104.14378488208554
2169,104.14378463450865
2170,104.1437843882669
2171,104.14378414335309
2172,104.14378389976001
2173,104.14378365748061
2174,104.14378341650774
2175,104.1437831768344
2176,104.14378293845358
2177,104.14378270135829
2178,104.14378246554156
2179,104.14378223099658
2180,104.14378199771645
2181,104.14378176569431
2182,104.14378153492343
2183,104.14378130539708
2184,104.14378107710847
2185,104.143780850051
2186,104.14378062421798
2187,104.14378039960282
2188,104.14378017619899
2189,104.14377995399991
2190,104.1437797329991
2191,104.14377951319011
2192,104.14377929456649
2193,104.14377907712183
2194,104.14377886084985
2195,104.14377864574415
2196,104.1437784317985
2197,104.14377821900655
2198,104.14377800736217
2199,104.14377779685915
2200,104.14377758749133
2201,104.14377737925258
2202,104.1437771721368
2203,104.14377696613798
2204,104.14377676125002
2205,104.14377655746702
2206,104.14377635478294
2207,104.14377615319191
2208,104.14377595268803
2209,104.1437757532654
2210,104.1437755549182
2211,104.14377535764064
2212,104.14377516142699
2213,104.14377496627144
2214,104.14377477216836
2215,104.143774579112
2216,104.14377438709677
2217,104.14377419611702
2218,104.14377400616719
2219,104.14377381724172
2220,104.14377362933507
2221,104.14377344244177
2222,104.14377325655634
2223,104.14377307167337
2224,104.1437728877874
2225,104.1437727048931
2226,104.14377252298509
2227,104.1437723420581
2228,104.1437721621068
2229,104.14377198312592
2230,104.14377180511026
2231,104.14377162805461
2232,104.14377145195377
2233,104.14377127680258
2234,104.14377110259598
2235,104.14377092932881
2236,104.14377075699605
2237,104.14377058559262
2238,104.14377041511354
2239,104.14377024555381
2240,104.14377007690847
2241,104.14376990917262
2242,104.14376974234135
2243,104.1437695764097
2244,104.14376941137294
2245,104.14376924722615
2246,104.1437690839646
2247,104.14376892158344
2248,104.14376876007803
2249,104.1437685994435
2250,104.1437684396753
2251,104.14376828076868
2252,104.143768122719
2253,104.14376796552168
2254,104.14376780917205
2255,104.14376765366556
2256,104.14376749899772
2257,104.14376734516395
2258,104.14376719215979
2259,104.14376703998073
2260,104.14376688862234
2261,104.1437667380802
2262,104.1437665883499
2263,104.14376643942708
2264,104.14376629130734
2265,104.14376614398637
2266,104.14376599745988
2267,104.1437658517236
2268,104.1437657067732
2269,104.14376556260451
2270,104.1437654192133
2271,104.14376527659533
2272,104.1437651347465
2273,104.14376499366261
2274,104.14376485333956
2275,104.14376471377327
2276,104.1437645749596
2277,104.14376443689451
2278,104.14376429957399
2279,104.143764162994
2280,104.14376402715057
2281,104.14376389203971
2282,104.14376375765745
2283,104.14376362399993
2284,104.14376349106314
2285,104.14376335884327
2286,104.14376322733646
2287,104.14376309653882
2288,104.14376296644652
2289,104.1437628370558
2290,104.14376270836286
2291,104.14376258036395
2292,104.14376245305526
2293,104.14376232643316
2294,104.14376220049385
2295,104.14376207523378
2296,104.14376195064911
2297,104.14376182673638
2298,104.14376170349186
2299,104.14376158091197
2300,104.14376145899313
2301,104.14376133773175
2302,104.14376121712434
2303,104.14376109716731
2304,104.1437609778572
2305,104.1437608591905
2306,104.14376074116373
2307,104.14376062377345
2308,104.14376050701624
2309,104.14376039088869
2310,104.14376027538736
2311,104.14376016050892
2312,104.14376004624998
2313,104.14375993260725
2314,104.14375981957733
2315,104.14375970715696
2316,104.14375959534286
2317,104.14375948413178
2318,104.14375937352037
2319,104.14375926350547
2320,104.14375915408394
2321,104.14375904525242
2322,104.1437589370078
2323,104.14375882934698
2324,104.14375872226671
2325,104.14375861576386
2326,104.14375850983542
2327,104.1437584044782
2328,104.14375829968917
2329,104.14375819546521
2330,104.14375809180333
2331,104.1437579887005
2332,104.14375788615362
2333,104.14375778415977
2334,104.14375768271597
2335,104.14375758181923
2336,104.1437574814666
2337,104.14375738165512
2338,104.14375728238196
2339,104.14375718364411
2340,104.14375708543876
2341,104.14375698776301
2342,104.14375689061399
2343,104.14375679398887
2344,104.14375669788485
2345,104.14375660229906
2346,104.14375650722876
2347,104.14375641267117
2348,104.14375631862349
2349,104.14375622508301
2350,104.14375613204693
2351,104.14375603951261
2352,104.14375594747729
2353,104.1437558559383
2354,104.14375576489297
2355,104.1437556743386
2356,104.1437555842726
2357,104.1437554946923
2358,104.14375540559507
2359,104.14375531697833
2360,104.14375522883948
2361,104.14375514117593
2362,104.14375505398516
2363,104.14375496726458
2364,104.14375488101167
2365,104.14375479522387
2366,104.14375470989872
2367,104.14375462503374
2368,104.14375454062638
2369,104.14375445667423
2370,104.1437543731748
2371,104.1437542901257
2372,104.14375420752441
2373,104.14375412536863
2374,104.14375404365583
2375,104.14375396238374
2376,104.14375388154993
2377,104.14375380115202
2378,104.14375372118766
2379,104.14375364165457
2380,104.14375356255037
2381,104.14375348387276
2382,104.14375340561945
2383,104.14375332778812
2384,104.14375325037653
2385,104.14375317338241
2386,104.14375309680351
2387,104.14375302063753
2388,104.14375294488235
2389,104.14375286953569
2390,104.14375279459536
2391,104.14375272005918
2392,104.14375264592493
2393,104.14375257219045
2394,104.14375249885364
2395,104.14375242591234
2396,104.14375235336435
2397,104.14375228120763
2398,104.14375220944001
2399,104.1437521380594
2400,104.14375206706374
2401,104.14375199645096
2402,104.143751926219
2403,104.14375185636574
2404,104.1437517868892
2405,104.14375171778735
2406,104.14375164905812
2407,104.14375158069956
2408,104.14375151270961
2409,104.14375144508635
2410,104.14375137782777
2411,104.14375131093186
2412,104.14375124439673
2413,104.14375117822041
2414,104.14375111240095
2415,104.14375104693644
2416,104.143750981825
2417,104.14375091706468
2418,104.14375085265357
2419,104.14375078858983
2420,104.14375072487155
2421,104.14375066149692
2422,104.14375059846404
2423,104.14375053577108
2424,104.14375047341623
2425,104.14375041139762
2426,104.14375034971347
2427,104.143750288362
2428,104.14375022734133
2429,104.14375016664977
2430,104.14375010628548
2431,104.14375004624674
2432,104.14374998653179
2433,104.14374992713881
2434,104.14374986806618
2435,104.14374980931213
2436,104.1437497508749
2437,104.1437496927528
2438,104.1437496349441
2439,104.14374957744722
2440,104.14374952026039
2441,104.14374946338192
2442,104.14374940681023
2443,104.14374935054359
2444,104.14374929458042
2445,104.143749238919
2446,104.14374918355777
2447,104.14374912849509
2448,104.14374907372935
2449,104.14374901925896
2450,104.14374896508228
2451,104.14374891119779
2452,104.1437488576039
2453,104.14374880429901
2454,104.14374875128159
2455,104.14374869855007
2456,104.14374864610296
2457,104.14374859393864
2458,104.14374854205563
2459,104.14374849045244
2460,104.14374843912752
2461,104.1437483880794
2462,104.14374833730655
2463,104.14374828680752
2464,104.1437482365808
2465,104.14374818662495
2466,104.1437481369385
2467,104.14374808752001
2468,104.14374803836805
2469,104.1437479894811
2470,104.14374794085782
2471,104.14374789249672
2472,104.14374784439647
2473,104.14374779655556
2474,104.1437477489727
2475,104.14374770164639
2476,104.14374765457534
2477,104.14374760775813
2478,104.14374756119341
2479,104.14374751487975
2480,104.14374746881587
2481,104.1437474230004
2482,104.14374737743202
2483,104.14374733210937
2484,104.14374728703116
2485,104.14374724219599
2486,104.14374719760266
2487,104.14374715324979
2488,104.14374710913611
2489,104.14374706526033
2490,104.14374702162115
2491,104.14374697821732
2492,104.14374693504755
2493,104.1437468921106
2494,104.14374684940516
2495,104.14374680693005
2496,104.143746764684
2497,104.14374672266574
2498,104.14374668087413
2499,104.14374663930788
2500,104.14374659796572
2501,104.14374655684658
2502,104.14374651594918
2503,104.14374647527231
2504,104.14374643481482
2505,104.14374639457547
2506,104.14374635455319
2507,104.14374631474668
2508,104.14374627515484
2509,104.14374623577655
2510,104.14374619661059
2511,104.14374615765585
2512,104.14374611891117
2513,104.14374608037546
2514,104.14374604204754
2515,104.14374600392634
2516,104.14374596601073
2517,104.14374592829954
2518,104.14374589079173
2519,104.14374585348621
2520,104.14374581638185
2521,104.14374577947763
2522,104.14374574277237
2523,104.1437457062651
2524,104.14374566995468
2525,104.14374563384007
2526,104.1437455979202
2527,104.14374556219408
2528,104.1437455266606
2529,104.14374549131874
2530,104.14374545616751
2531,104.14374542120581
2532,104.14374538643263
2533,104.143745351847
2534,104.1437453174479
2535,104.1437452832343
2536,104.14374524920518
2537,104.14374521535959
2538,104.14374518169652
2539,104.14374514821499
2540,104.14374511491401
2541,104.14374508179262
2542,104.14374504884984
2543,104.14374501608471
2544,104.14374498349628
2545,104.14374495108362
2546,104.1437449188457
2547,104.14374488678168
2548,104.14374485489056
2549,104.14374482317139
2550,104.14374479162332
2551,104.14374476024537
2552,104.1437447290366
2553,104.14374469799617
2554,104.14374466712313
2555,104.14374463641656
2556,104.1437446058756
2557,104.14374457549934
2558,104.14374454528692
2559,104.14374451523737
2560,104.1437444853499
2561,104.14374445562359
2562,104.14374442605761
2563,104.14374439665109
2564,104.1437443674031
2565,104.14374433831291
2566,104.14374430937954
2567,104.14374428060219
2568,104.1437442519801
2569,104.14374422351229
2570,104.14374419519804
2571,104.14374416703646
2572,104.14374413902678
2573,104.1437441111681
2574,104.14374408345972
2575,104.14374405590073
2576,104.14374402849035
2577,104.14374400122779
2578,104.14374397411224
2579,104.14374394714295
2580,104.14374392031908
2581,104.14374389363988
2582,104.14374386710455
2583,104.14374384071232
2584,104.14374381446241
2585,104.14374378835404
2586,104.1437437623865
2587,104.14374373655899
2588,104.14374371087077
2589,104.14374368532108
2590,104.14374365990913
2591,104.14374363463428
2592,104.1437436094957
2593,104.1437435844927
2594,104.14374355962451
2595,104.14374353489046
2596,104.14374351028977
2597,104.14374348582179
2598,104.14374346148571
2599,104.14374343728089
2600,104.14374341320662
2601,104.14374338926214
2602,104.1437433654468
2603,104.1437433417599
2604,104.14374331820072
2605,104.1437432947686
2606,104.14374327146285
2607,104.1437432482828
2608,104.14374322522771
2609,104.143743202297
2610,104.14374317948992
2611,104.1437431568058
2612,104.14374313424408
2613,104.14374311180399
2614,104.14374308948493
2615,104.14374306728621
2616,104.14374304520722
2617,104.14374302324731
2618,104.14374300140578
2619,104.14374297968209
2620,104.14374295807553
2621,104.14374293658548
2622,104.14374291521132
2623,104.14374289395245
2624,104.1437428728082
2625,104.143742851778
2626,104.14374283086117
2627,104.14374281005718
2628,104.14374278936535
2629,104.14374276878516
2630,104.14374274831589
2631,104.14374272795705
2632,104.14374270770796
2633,104.1437426875681
2634,104.14374266753684
2635,104.14374264761359
2636,104.14374262779785
2637,104.1437426080889
2638,104.14374258848625
2639,104.14374256898932
2640,104.14374254959753
2641,104.14374253031032
2642,104.1437425111271
2643,104.14374249204737
2644,104.14374247307052
2645,104.143742454196
2646,104.14374243542328
2647,104.14374241675176
2648,104.14374239818096
2649,104.14374237971032
2650,104.14374236133925
2651,104.14374234306727
2652,104.14374232489382
2653,104.14374230681841
2654,104.14374228884044
2655,104.14374227095945
2656,104.14374225317486
2657,104.14374223548619
2658,104.14374221789292
2659,104.1437422003945
2660,104.14374218299047
2661,104.1437421656803
2662,104.14374214846343
2663,104.14374213133945
2664,104.14374211430784
2665,104.14374209736803
2666,104.1437420805196
2667,104.143742063762
2668,104.1437420470948
2669,104.14374203051747
2670,104.14374201402954
2671,104.14374199763051
2672,104.14374198131993
2673,104.14374196509736
2674,104.14374194896219
2675,104.14374193291407
2676,104.1437419169525
2677,104.14374190107701
2678,104.1437418852871
2679,104.14374186958239
2680,104.14374185396234
2681,104.14374183842654
2682,104.1437418229745
2683,104.1437418076058
2684,104.14374179231999
2685,104.14374177711659
2686,104.14374176199522
2687,104.14374174695536
2688,104.14374173199661
2689,104.14374171711856
2690,104.14374170232072
2691,104.1437416876027
2692,104.14374167296401
2693,104.1437416584043
2694,104.14374164392306
2695,104.14374162951997
2696,104.14374161519451
2697,104.14374160094634
2698,104.143741586775
2699,104.14374157268007
2700,104.14374155866115
2701,104.14374154471783
2702,104.14374153084972
2703,104.14374151705638
2704,104.14374150333744
2705,104.14374148969247
2706,104.14374147612108
2707,104.1437414626229
2708,104.1437414491975
2709,104.1437414358445
2710,104.14374142256351
2711,104.14374140935412
2712,104.14374139621599
2713,104.14374138314871
2714,104.1437413701519
2715,104.14374135722517
2716,104.14374134436817
2717,104.14374133158046
2718,104.14374131886179
2719,104.14374130621162
2720,104.14374129362972
2721,104.14374128111567
2722,104.14374126866909
2723,104.14374125628964
2724,104.14374124397695
2725,104.14374123173067
2726,104.14374121955039
2727,104.14374120743587
2728,104.14374119538662
2729,104.14374118340235
2730,104.14374117148272
2731,104.14374115962737
2732,104.14374114783595
2733,104.14374113610813
2734,104.14374112444358
2735,104.14374111284188
2736,104.14374110130277
2737,104.1437410898259
2738,104.14374107841091
2739,104.14374106705748
2740,104.14374105576526
2741,104.14374104453395
2742,104.14374103336321
2743,104.14374102225271
2744,104.14374101120212
2745,104.14374100021115
2746,104.14374098927944
2747,104.14374097840668
2748,104.14374096759254
2749,104.14374095683672
2750,104.14374094613892
2751,104.14374093549878
2752,104.14374092491606
2753,104.14374091439038
2754,104.1437409039215
2755,104.14374089350903
2756,104.14374088315272
2757,104.1437408728523
2758,104.14374086260739
2759,104.14374085241774
2760,104.14374084228304
2761,104.143740832203
2762,104.14374082217732
2763,104.14374081220568
2764,104.14374080228782
2765,104.14374079242346
2766,104.14374078261231
2767,104.14374077285406
2768,104.14374076314841
2769,104.14374075349514
2770,104.14374074389389
2771,104.14374073434446
2772,104.14374072484648
2773,104.14374071539974
2774,104.14374070600395
2775,104.14374069665882
2776,104.1437406873641
2777,104.14374067811951
2778,104.14374066892476
2779,104.14374065977961
2780,104.14374065068374
2781,104.14374064163697
2782,104.14374063263895
2783,104.14374062368945
2784,104.14374061478826
2785,104.14374060593504
2786,104.14374059712954
2787,104.14374058837156
2788,104.1437405796608
2789,104.14374057099701
2790,104.14374056237996
2791,104.14374055380938
2792,104.143740545285
2793,104.14374053680658
2794,104.14374052837391
2795,104.14374051998671
2796,104.14374051164474
2797,104.14374050334773
2798,104.14374049509549
2799,104.14374048688776
2800,104.14374047872428
2801,104.14374047060483
2802,104.14374046252918
2803,104.14374045449703
2804,104.14374044650823
2805,104.14374043856253
2806,104.14374043065963
2807,104.14374042279937
2808,104.14374041498151
2809,104.14374040720584
2810,104.14374039947205
2811,104.14374039177999
2812,104.1437403841294
2813,104.14374037652009
2814,104.14374036895177
2815,104.1437403614243
2816,104.14374035393742
2817,104.14374034649092
2818,104.14374033908457
2819,104.14374033171816
2820,104.14374032439147
2821,104.14374031710429
2822,104.14374030985643
2823,104.14374030264763
2824,104.14374029547771
2825,104.14374028834646
2826,104.14374028125368
2827,104.14374027419913
2828,104.14374026718265
2829,104.143740260204
2830,104.14374025326298
2831,104.14374024635937
2832,104.14374023949303
2833,104.14374023266369
2834,104.14374022587118
2835,104.1437402191153
2836,104.14374021239585
2837,104.1437402057126
2838,104.14374019906549
2839,104.14374019245416
2840,104.1437401858785
2841,104.1437401793383
2842,104.14374017283336
2843,104.14374016636351
2844,104.14374015992853
2845,104.14374015352828
2846,104.1437401471625
2847,104.14374014083111
2848,104.14374013453384
2849,104.14374012827054
2850,104.143740122041
2851,104.14374011584506
2852,104.14374010968251
2853,104.14374010355326
2854,104.143740097457
2855,104.14374009139364
2856,104.14374008536294
2857,104.14374007936483
2858,104.14374007339903
2859,104.1437400674654
2860,104.14374006156376
2861,104.14374005569394
2862,104.1437400498558
2863,104.14374004404914
2864,104.1437400382738
2865,104.14374003252962
2866,104.14374002681637
2867,104.14374002113395
2868,104.14374001548218
2869,104.1437400098609
2870,104.14374000426992
2871,104.14373999870907
2872,104.14373999317823
2873,104.14373998767722
2874,104.1437399822059
2875,104.14373997676404
2876,104.14373997135156
2877,104.14373996596824
2878,104.14373996061396
2879,104.14373995528854
2880,104.14373994999187
2881,104.14373994472375
2882,104.143739939484
2883,104.1437399342726
2884,104.14373992908924
2885,104.14373992393385
2886,104.14373991880625
2887,104.14373991370631
2888,104.14373990863388
2889,104.1437399035888
2890,104.14373989857093
2891,104.14373989358008
2892,104.1437398886162
2893,104.14373988367906
2894,104.14373987876856
2895,104.14373987388451
2896,104.14373986902685
2897,104.14373986419533
2898,104.1437398593899
2899,104.1437398546104
2900,104.14373984985664
2901,104.14373984512852
2902,104.14373984042591
2903,104.14373983574863
2904,104.14373983109664
2905,104.14373982646968
2906,104.14373982186768
2907,104.1437398172905
2908,104.143739812738
2909,104.14373980821007
2910,104.14373980370654
2911,104.14373979922732
2912,104.14373979477223
2913,104.14373979034119
2914,104.14373978593403
2915,104.14373978155064
2916,104.14373977719089
2917,104.14373977285464
2918,104.14373976854178
2919,104.14373976425217
2920,104.1437397599857
2921,104.14373975574223
2922,104.14373975152168
2923,104.14373974732385
2924,104.14373974314869
2925,104.14373973899603
2926,104.14373973486579
2927,104.14373973075776
2928,104.14373972667194
2929,104.14373972260813
2930,104.14373971856622
2931,104.14373971454614
2932,104.14373971054773
2933,104.14373970657088
2934,104.14373970261549
2935,104.14373969868139
2936,104.14373969476854
2937,104.14373969087679
2938,104.14373968700602
2939,104.14373968315613
2940,104.14373967932698
2941,104.14373967551853
2942,104.14373967173057
2943,104.14373966796305
2944,104.14373966421586
2945,104.14373966048886
2946,104.14373965678195
2947,104.14373965309504
2948,104.14373964942804
2949,104.14373964578078
2950,104.1437396421532
2951,104.1437396385452
2952,104.14373963495666
2953,104.14373963138742
2954,104.14373962783749
2955,104.14373962430668
2956,104.1437396207949
2957,104.14373961730207
2958,104.14373961382807
2959,104.14373961037279
2960,104.1437396069362
2961,104.14373960351807
2962,104.14373960011841
2963,104.14373959673708
2964,104.143739593374
2965,104.14373959002903
2966,104.1437395867021
2967,104.14373958339314
2968,104.14373958010201
2969,104.14373957682862
2970,104.14373957357286
2971,104.14373957033472
2972,104.14373956711397
2973,104.14373956391066
2974,104.14373956072458
2975,104.14373955755568
2976,104.1437395544039
2977,104.1437395512691
2978,104.14373954815119
2979,104.14373954505012
2980,104.14373954196576
2981,104.14373953889802
2982,104.14373953584683
2983,104.14373953281212
2984,104.14373952979373
2985,104.14373952679165
2986,104.14373952380578
2987,104.14373952083598
2988,104.14373951788221
2989,104.14373951494436
2990,104.14373951202236
2991,104.14373950911612
2992,104.14373950622553
2993,104.14373950335055
2994,104.14373950049107
2995,104.143739497647
2996,104.14373949481828
2997,104.14373949200483
2998,104.14373948920651
2999,104.14373948642331
3000,104.14373948365511
3001,104.14373948090183
3002,104.14373947816338
3003,104.14373947543974
3004,104.1437394727308
3005,104.14373947003642
3006,104.14373946735662
3007,104.14373946469124
3008,104.14373946204024
3009,104.14373945940352
3010,104.14373945678106
3011,104.1437394541727
3012,104.14373945157843
3013,104.14373944899815
3014,104.14373944643177
3015,104.14373944387921
3016,104.14373944134044
3017,104.1437394388154
3018,104.14373943630393
3019,104.14373943380602
3020,104.14373943132158
3021,104.14373942885051
3022,104.14373942639281
3023,104.14373942394835
3024,104.14373942151704
3025,104.14373941909888
3026,104.14373941669375
3027,104.14373941430159
3028,104.14373941192234
3029,104.14373940955592
3030,104.14373940720223
3031,104.14373940486125
3032,104.1437394025329
3033,104.14373940021711
3034,104.1437393979138
3035,104.14373939562292
3036,104.14373939334438
3037,104.14373939107814
3038,104.14373938882413
3039,104.14373938658227
3040,104.14373938435246
3041,104.14373938213471
3042,104.14373937992893
3043,104.14373937773502
3044,104.14373937555298
3045,104.14373937338266
3046,104.14373937122404
3047,104.1437393690771
3048,104.14373936694173
3049,104.1437393648179
3050,104.14373936270546
3051,104.14373936060446
3052,104.14373935851475
3053,104.14373935643636
3054,104.14373935436915
3055,104.1437393523131
3056,104.14373935026813
3057,104.14373934823418
3058,104.1437393462112
3059,104.14373934419913
3060,104.14373934219792
3061,104.14373934020752
3062,104.14373933822783
3063,104.14373933625879
3064,104.14373933430043
3065,104.14373933235258
3066,104.14373933041526
3067,104.14373932848838
3068,104.14373932657188
3069,104.14373932466575
3070,104.14373932276985
3071,104.14373932088421
3072,104.14373931900873
3073,104.14373931714334
3074,104.14373931528803
3075,104.14373931344272
3076,104.1437393116074
3077,104.14373930978195
3078,104.14373930796631
3079,104.1437393061605
3080,104.14373930436443
3081,104.14373930257803
3082,104.14373930080127
3083,104.1437392990341
3084,104.14373929727644
3085,104.14373929552828
3086,104.14373929378954
3087,104.14373929206016
3088,104.14373929034014
3089,104.14373928862936
3090,104.1437392869278
3091,104.14373928523547
3092,104.14373928355221
3093,104.14373928187807
3094,104.14373928021294
3095,104.14373927855677
3096,104.14373927690956
3097,104.14373927527122
3098,104.14373927364171
3099,104.14373927202098
3100,104.14373927040906
3101,104.14373926880576
3102,104.14373926721112
3103,104.14373926562509
3104,104.1437392640476
3105,104.14373926247865
3106,104.1437392609181
3107,104.143739259366
3108,104.14373925782229
3109,104.14373925628689
3110,104.14373925475977
3111,104.1437392532409
3112,104.14373925173018
3113,104.14373925022763
3114,104.14373924873318
3115,104.1437392472468
3116,104.14373924576843
3117,104.14373924429803
3118,104.14373924283557
3119,104.14373924138097
3120,104.14373923993423
3121,104.14373923849531
3122,104.14373923706411
3123,104.14373923564068
3124,104.14373923422487
3125,104.14373923281673
3126,104.14373923141618
3127,104.14373923002319
3128,104.14373922863768
3129,104.14373922725969
3130,104.14373922588908
3131,104.14373922452587
3132,104.14373922317004
3133,104.14373922182152
3134,104.14373922048026
3135,104.14373921914623
3136,104.1437392178194
3137,104.1437392164997
3138,104.14373921518714
3139,104.14373921388167
3140,104.14373921258323
3141,104.1437392112918
3142,104.14373921000734
3143,104.14373920872977
3144,104.14373920745912
3145,104.14373920619529
3146,104.14373920493834
3147,104.1437392036881
3148,104.14373920244464
3149,104.14373920120786
3150,104.14373919997776
3151,104.14373919875433
3152,104.14373919753746
3153,104.14373919632715
3154,104.14373919512337
3155,104.1437391939261
3156,104.14373919273527
3157,104.14373919155088
3158,104.14373919037287
3159,104.14373918920118
3160,104.14373918803584
3161,104.14373918687679
3162,104.14373918572399
3163,104.14373918457737
3164,104.14373918343699
3165,104.14373918230274
3166,104.14373918117457
3167,104.14373918005252
3168,104.14373917893653
3169,104.14373917782653
3170,104.14373917672249
3171,104.14373917562448
3172,104.14373917453234
3173,104.14373917344612
3174,104.14373917236571
3175,104.14373917129116
3176,104.1437391702224
3177,104.14373916915942
3178,104.14373916810213
3179,104.14373916705058
3180,104.14373916600465
3181,104.14373916496442
3182,104.1437391639298
3183,104.14373916290073
3184,104.1437391618772
3185,104.14373916085923
3186,104.14373915984672
3187,104.14373915883968
3188,104.14373915783807
3189,104.14373915684186
